1383 [[]]
1658 [[], [], []]
344 [[None, u'@belbeze.com'], [None, None], []]
345 [[u'@univ-orleans.fr'], [u'@univ-orleans.fr'], [u'@unicaen.fr'], [u'@univ-orleans.fr', None]]
346 [[None], [None], [], [None]]
347 [[], [u'@lri.fr']]
340 [[u'@lipn.univ-paris13.fr', None], [u'@lipn.univ-paris13.fr'], [u'@lipn.univ-paris13.fr']]
341 [[], []]
812 [[u'@unige.ch'], [u'@unige.ch'], [u'@unige.ch'], [u'@unige.ch']]
813 [[], [], [], [], []]
348 [[u'@univ-ag.fr'], [u'@univ-ag.fr']]
349 [[u'@labri.fr', u'@2moro.fr'], [u'@labri.fr'], [u'@labri.fr'], [u'@2moro.fr']]
816 [[], [], []]
1260 [[u'@lirmm.fr'], [u'@lirmm.fr']]
1399 [[], []]
719 [[u'@ensieta.fr'], [u'@ensieta.fr'], [u'@ensieta.fr']]
718 [[], []]
717 [[], []]
715 [[u'@2moro.fr', u'@labri.fr'], [], [u'@labri.fr'], [u'@labri.fr']]
714 [[u'@yahoo.fr'], [u'@yahoo.fr'], []]
713 [[None], [u'@labri.fr'], [None], [u'@labri.fr'], [None]]
711 [[], []]
1267 [[], []]
1265 [[u'@enst.fr'], [u'@enst.fr'], [u'@enst.fr', u'@edf.fr'], [u'@enst.fr']]
1264 [[u'@liris.cnrs.fr']]
1702 [[u'@esiea.fr'], [u'@lri.fr'], [u'@lri.fr']]
1703 [[u'@etu.univ-tours.fr'], [u'@etu.univ-tours.fr'], [u'@math-info.univ-paris5.fr']]
1704 [[u'@enst'], [u'@enst'], [None]]
1705 [[], [], [], []]
1706 [[u'@fundp.ac.be'], [None]]
1707 [[None], [None], [u'@jouy.inra.fr'], [u'@jouy.inra.fr']]
1063 [[u'@imag.fr'], [None], [None], [None]]
1391 [[]]
298 [[], [], [], []]
299 [[u'@enit.rnu.tn'], [u'@enit.rnu.tn'], [None]]
296 [[u'@univ-lyon2.fr', u'@amisw.com'], [u'@univ-lyon2.fr'], [u'@univ-lyon2.fr'], [u'@amisw.com']]
294 [[u'@gmail.com'], [u'@gmail.com'], [u'@gmail.com']]
295 [[], [], []]
293 [[u'@orange-ftgroup.com', u'@u-cergy.fr'], [u'@orange-ftgroup.com'], [u'@u-cergy.fr']]
290 [[u'@lirmm.fr'], [u'@lirmm.fr', u'@teledetection.fr'], [u'@lirmm.fr'], [u'@lirmm.fr'], [u'@lirmm.fr', u'@teledetection.fr']]
291 [[u'@univ-st-etienne.fr'], [u'@univ-st-etienne.fr'], [], [u'@univ-st-etienne.fr']]
199 [[], [], []]
198 [[u'@checksem.fr', u'@crossknowledge.com'], [u'@checksem.fr'], [u'@checksem.fr']]
195 [[], [], []]
194 [[u'@pseudonyme'], [u'@pseudonyme']]
197 [[None], [None], [None]]
196 [[None, u'@cstb.fr'], [], [None], [None], [u'@cstb.fr']]
191 [[None], [u'@yahoo.fr']]
190 [[], [], []]
192 [[u'@cril.univ-artois.fr'], [u'@zto-technology.com'], [u'@cril.univ-artois.fr'], [u'@cril.univ-artois.fr'], [u'@cril.univ-artois.fr']]
270 [[u'@univ-nc.nc', u'@unice.fr'], [u'@univ-nc.nc'], [u'@univ-nc.nc'], [u'@univ-nc.nc']]
271 [[None], [None], [None, u'@utc.fr']]
272 [[u'@gmail.com'], [u'@gmail.com', u'@gmail.com']]
273 [[], []]
274 [[u'@orange.com', None], [u'@orange.com'], [u'@orange.com']]
275 [[u'@nomao.com', u'@ebuzzing.com'], [u'@nomao.com', u'@ebuzzing.com'], [u'@nomao.com', None], [u'@nomao.com', u'@ebuzzing.com']]
276 [[u'@tours.inra.fr', u'@tours.inra.fr'], [None], [u'@tours.inra.fr']]
278 [[None], [None]]
279 [[u'@univ-st-etienne.fr'], [u'@univ-st-etienne.fr'], [u'@univ-st-etienne.fr']]
524 [[u'@unistra.fr'], [u'@unistra.fr']]
526 [[u'@lifl.fr'], [u'@lifl.fr'], [u'@lifl.fr'], [u'@lifl.fr']]
527 [[u'@univ-tours.fr'], [u'@univ-tours.fr'], [u'@univ-tours.fr']]
520 [[u'@parisdescartes.fr'], [u'@lipn.univ-paris13.fr'], [u'@lipn.univ-paris13.fr']]
521 [[u'@univ-paris5.fr'], [None]]
522 [[u'@telecom-bretagne.eu'], [], [u'@telecom-bretagne.eu'], [u'@telecom-bretagne.eu']]
523 [[u'@lip6.fr'], [u'@lip6.fr'], [u'@lip6.fr'], [u'@lip6.fr']]
528 [[u'@orange-ftgroup.com', u'@u-cergy.fr'], [u'@orange-ftgroup.com'], [u'@u-cergy.fr']]
1012 [[], [], []]
1234 [[], [], []]
1235 [[], []]
1236 [[None], [u'@laposte.net'], [None]]
1230 [[None, u'@cstb.fr'], [None], [u'@cstb.fr'], [None]]
1231 [[u'@inria.fr'], [u'@inria.fr'], [u'@inria.fr']]
1232 [[u'@loria.fr'], [u'@loria.fr'], [u'@loria.fr']]
1233 [[], []]
1238 [[None, u'@insa-rouen.fr'], [None], [None], [None], []]
1239 [[u'@univ-avignon.fr'], [u'@univ-avignon.fr'], [u'@semantia.com'], []]
39 [[u'@telecom-sudparis.eu'], [u'@telecom-sudparis.eu'], [u'@isep.fr'], [u'@isep.fr']]
38 [[], []]
1448 [[u'@yahoo.fr'], [u'@yahoo.fr']]
33 [[u'@gmail.com'], [u'@gmail.com']]
32 [[], []]
30 [[u'@devinci.fr', u'@info.univ-angers.fr'], [u'@devinci.fr'], [u'@info.univ-angers.fr']]
37 [[u'@compilatio.net'], [u'@compilatio.net']]
36 [[u'@compilatio.net'], [u'@compilatio.net']]
35 [[], [], []]
34 [[], []]
641 [[u'@imag.fr', u'@imag.fr'], [u'@imag.fr'], [u'@imag.fr'], [None]]
640 [[u'@lirmm.fr', u'@cemagref.fr'], [u'@lirmm.fr'], [u'@lirmm.fr'], [u'@lirmm.fr'], [u'@lirmm.fr', None]]
643 [[], [], [], []]
642 [[u'@gmail.com'], [u'@gmail.com'], [u'@gmail.com']]
645 [[], [], []]
644 [[u'@unige.ch'], [u'@unige.ch'], [u'@unige.ch'], [u'@unige.ch']]
647 [[u'@orange-ftgroup.com']]
646 [[], [], [], [], []]
649 [[u'@yahoo.fr', u'@club-internet.fr'], [None], []]
648 [[u'@fst.rnu.tn'], [u'@fst.rnu.tn'], [u'@fsegn.rnu.tn'], [u'@fst.rnu.tn']]
339 [[u'@mines-paristech.fr'], [u'@mines-paristech.fr']]
335 [[u'@lipn.univ-paris13.fr'], [u'@lipn.univ-paris13.fr'], [u'@lipn.univ-paris13.fr']]
334 [[None], [None, u'@orange.com'], [u'@orange.com']]
337 [[u'@yahoo.fr'], [u'@yahoo.fr'], [u'@univ-rennes1.fr']]
336 [[u'@mi.parisdescartes.fr'], [u'@mi.parisdescartes.fr'], [u'@loria.fr'], [u'@mi.parisdescartes.fr']]
331 [[u'@lipn.univ-paris13.fr', u'@ina.fr'], [u'@lipn.univ-paris13.fr'], []]
330 [[None], [None, u'@lipn.univ-paris13.fr']]
333 [[None], [None], [None], [None], [None]]
332 [[], [None]]
854 [[u'@orange-ftgroup.com'], [u'@orange-ftgroup.com'], [u'@orange-ftgroup.com']]
856 [[u'@syrokko.com'], [u'@syrokko.com'], [u'@syrokko.com']]
850 [[u'@thalesgroup.com', u'@lip6.fr'], [u'@lip6.fr']]
851 [[u'@gmail.com'], [None]]
852 [[], [None, u'@univ']]
819 [[u'@lipn.univ-paris13.fr'], [u'@lipn.univ-paris13.fr'], [u'@lipn.univ-paris13.fr']]
859 [[], [], []]
1434 [[], []]
844 [[u'@univ-orleans.fr'], [u'@univ-orleans.fr']]
1621 [[], [u'@voila.fr'], [u'@gnet.tn']]
1620 [[], [], []]
1627 [[u'@kowesis.fr'], [u'@polytech.uniV-nantes.fr'], [u'@kowesis.fr'], [None], [u'@kowesis.fr']]
1626 [[None], [None, u'@iut-blagnac.fr'], [None], []]
1625 [[u'@iscte.pt']]
1624 [[u'@utbm.fr'], [u'@utbm.fr'], [u'@utt.fr']]
1216 [[u'@cril.univ-artois.fr'], [], []]
814 [[u'@vm-materiaux.fr', u'@univ-nantes.fr'], [u'@univ-nantes.fr'], [u'@univ-nantes.fr'], [None], [u'@vm-materiaux.fr']]
1629 [[u'@performanse.fr'], [u'@polytech.univ-nantes.fr'], [None], [u'@polytech.univ-nantes.fr'], [u'@performanse.fr']]
1628 [[], []]
815 [[], []]
1462 [[u'@sophia.inria.fr'], [u'@ema.fr'], [None], [u'@sophia.inria.fr']]
1416 [[u'@cadesis.com'], [u'@cadesis.com'], [u'@utt.fr'], [u'@utt.fr']]
1440 [[], []]
1053 [[u'@unil.ch'], [u'@epfl.ch'], [u'@epfl.ch'], [None], [u'@epfl.ch'], [u'@epfl.ch']]
1696 [[], [], []]
1694 [[u'@cgg.com'], [u'@cgg.com']]
1692 [[], [], []]
1693 [[], [], [u'@nantes.inserm.fr']]
1690 [[], [], []]
1691 [[u'@jouy.inra.fr'], [u'@grignon.inra.fr']]
1757 [[], []]
1756 [[None], [None], [u'@utt.fr']]
1755 [[], [], [], []]
1754 [[u'@imag.fr'], [u'@imag.fr'], [u'@imag.fr']]
1753 [[], []]
1698 [[], [u'@eric.univ-lyon2.fr']]
1699 [[u'@univ-lyon2.fr'], [u'@univ-lyon2.fr'], [u'@univ-lyon2.fr', u'@artelys.com']]
146 [[None], [None], [None, u'@inria.fr']]
147 [[None, u'@lirmm.fr'], [None], [None, None]]
144 [[], [], [], []]
145 [[], [], []]
142 [[None], [], [None], [None]]
143 [[], [], []]
140 [[], []]
141 [[], [], []]
1270 [[u'@lri.fr']]
1271 [[]]
1272 [[u'@orange-ftgroup.com'], [u'@orange-ftgroup.com']]
1273 [[]]
1274 [[u'@cril.univ-artois.fr', u'@gmail.com'], [u'@cril.univ-artois.fr'], [u'@gmail.com']]
1275 [[u'@lsis.org'], [None]]
148 [[u'@me.com']]
149 [[u'@irstea.fr', None], [u'@yahoo-inc.com'], [None], [u'@irstea.fr']]
1285 [[u'@uclouvain.be'], [u'@uclouvain.be']]
1284 [[u'@irisa.fr'], [u'@univ-rennes1.fr'], [u'@irisa.fr']]
1287 [[u'@cril.univ-artois.fr'], [u'@fst.rnu.tn'], [u'@fst.rnu.tn'], [u'@cril.univ-artois.fr']]
1281 [[u'@univ-sba.dz', u'@univ-sba.dz'], [u'@univ-sba.dz', None]]
1280 [[None], [None], [u'@club-internet.fr']]
1283 [[], [], []]
1282 [[]]
1289 [[u'@lri.fr'], [u'@lri.fr'], [None]]
1288 [[u'@labri.fr'], [u'@labri.fr'], [u'@labri.fr'], [u'@labri.fr'], [u'@labri.fr'], [None]]
1578 [[u'@sophia.inria.fr'], [u'@sophia.inria.fr'], [u'@essi.fr']]
689 [[u'@ulb.ac.be'], [u'@ulb.ac.be'], [u'@ulb.ac.be']]
685 [[u'@ifris.org'], [u'@ifris.org']]
684 [[u'@telecom-paristech.fr', u'@orange-ftgroup.com'], [u'@orange-ftgroup.com'], [u'@telecom-paristech.fr']]
687 [[u'@ensieta.fr']]
686 [[u'@sophia.inria.fr'], [u'@unice.fr']]
680 [[], [], [], []]
683 [[u'@univ-orleans.fr'], [u'@univ-orleans.fr'], [u'@univ-orleans.fr'], [u'@univ-orleans.fr']]
623 [[u'@inria.fr', None], [u'@inria.fr', None], [u'@inria.fr', None]]
1240 [[], [], []]
1364 [[u'@polytech.univ-nantes.fr'], [u'@polytech.univ-nantes.fr'], [u'@polytech.univ-nantes.fr'], [u'@polytech.univ-nantes.fr']]
131 [[], [], []]
130 [[], [], [], []]
137 [[None], [u'@irisa.fr']]
136 [[None], [None], [None]]
135 [[None], [u'@univ-reunion.fr'], [None], []]
134 [[], [], []]
494 [[u'@labri.fr'], [u'@labri.fr']]
495 [[u'@imag.fr'], [u'@imag.fr']]
139 [[], []]
138 [[u'@zalando.de'], [u'@orange.com'], [u'@orange.com'], [u'@orange.com']]
490 [[], [u'@agrocampus-ouest.fr']]
491 [[u'@ecp.fr'], [u'@ecp.fr'], [u'@ecp.fr'], [], [None], []]
492 [[u'@liris.cnrs.fr', None], [u'@liris.cnrs.fr', None], [u'@liris.cnrs.fr', None], [u'@cgmc.univ-lyon1.fr'], [u'@liris.cnrs.fr', None]]
493 [[], [], []]
26 [[u'@gmail.com'], [u'@univ-lyon2.fr']]
27 [[u'@univ-bpclermont.fr'], [u'@univ-tours.fr.']]
20 [[], []]
21 [[u'@gmail.com'], [u'@gmail.com', u'@gnet.tn']]
22 [[u'@unistra.fr'], [u'@unistra.fr'], [u'@unistra.fr']]
1243 [[u'@insat.rnu.tn'], []]
1220 [[u'@loria.fr'], [u'@loria.fr'], [u'@loria.fr']]
28 [[u'@u-bourgogne.fr'], [u'@u-bourgogne.fr'], []]
29 [[u'@lipn.univ-paris13.fr'], [u'@lipn.univ-paris13.fr'], []]
1371 [[], []]
1370 [[u'@yahoo.fr'], [u'@yahoo.fr'], [None]]
1372 [[], [], [], [], [], []]
1375 [[], []]
1374 [[], []]
1377 [[u'@lirmm.fr'], [u'@lri.fr']]
1376 [[u'@poleia.lip6.fr'], [u'@poleia.lip6.fr']]
1379 [[u'@yahoo.fr'], [], [u'@yahoo.fr'], [u'@univ-rennes1.fr']]
1378 [[u'@inria.fr'], [u'@inria.fr'], [u'@inria.fr'], [u'@inria.fr']]
629 [[], [u'@gmail.com'], [u'@gmail.com']]
1700 [[], []]
628 [[u'@unige.ch'], [u'@unige.ch'], [u'@unige.ch'], [u'@unige.ch']]
1759 [[], [], []]
1701 [[u'@bouyguestelecom.fr'], [u'@bouyguestelecom.fr'], []]
1758 [[], [None], [None]]
1212 [[u'@mail.univ-lyon2.fr'], [u'@unige.ch'], []]
1229 [[u'@sophia.inria.fr', u'@auf.org'], [u'@sophia.inria.fr'], [u'@auf.org']]
1751 [[], [], []]
1228 [[u'@francetelecom.com', None], [u'@francetelecom.com']]
1417 [[None], [None]]
379 [[u'@univ-lyon2.fr'], [u'@alcatel-lucent.com'], [u'@univ-lyon2.fr']]
378 [[None], [None, u'@irisa.fr']]
829 [[u'@engees.u-strasbg.fr', u'@urs.u-strasbg.fr'], [u'@engees.u-strasbg.fr', None], [u'@urs.u-strasbg.fr']]
828 [[u'@orange-ftgroup.com'], [u'@orange-ftgroup.com']]
1709 [[u'@volle.com']]
371 [[u'@isets.rnu.tn'], [], []]
373 [[None, u'@fst.rnu.tn'], [None], [None, u'@fst.rnu.tn']]
372 [[None], [None], [u'@i3s.unice.fr']]
375 [[u'@lipn.univ-paris13.fr'], [u'@lipn.univ-paris13.fr'], [u'@parisdescartes.fr']]
377 [[u'@univ-tours.fr'], [u'@univ-tours.fr', None], [u'@univ-tours.fr', u'@ceries-lab.com'], [u'@univ-tours.fr']]
376 [[], [u'@cin.ufpe.br'], [u'@inria.fr'], [u'@inria.fr']]
1278 [[u'@univ-metz.fr'], [u'@univ-metz.fr'], [None]]
708 [[], []]
1279 [[u'@fst.rnu.tn', u'@cril.univ-artois.fr'], [u'@fst.rnu.tn'], [u'@fst.rnu.tn'], [u'@cril.univ-artois.fr']]
704 [[]]
705 [[None], [None], [u'@inria.fr']]
706 [[None, u'@univ-lyon2.fr'], [None, None], [None]]
707 [[None], [None], [None], [None]]
702 [[u'@riadi.rnu.tn'], [u'@riadi.rnu.tn'], [u'@ecp.fr'], []]
703 [[], [None, u'@isg.rnu.tn']]
1263 [[], [], []]
81 [[u'@gmail.com'], [u'@gmail.com'], [None], [u'@gmail.com'], [u'@gmail.com']]
1713 [[]]
1712 [[u'@esiea-ouest.fr'], [u'@esiea-ouest.fr']]
1711 [[], [], [], []]
1710 [[u'@enst.fr', u'@edf.fr'], [u'@enst.fr'], [u'@edf.fr']]
1717 [[]]
1716 [[], []]
1714 [[], [], [], []]
1719 [[u'@lri.fr'], [u'@lri.fr'], [u'@curie.fr']]
1718 [[], [], [], []]
1592 [[], [], []]
1659 [[u'@u-bordeaux4.fr']]
1262 [[], []]
1652 [[], [], [], []]
1650 [[], [], []]
1651 [[], [], []]
1656 [[u'@alinto.com'], [u'@alinto.com'], [None]]
1657 [[], []]
1655 [[u'@ti.ch'], [None], [None]]
1739 [[], [], []]
1261 [[], [], []]
1276 [[], [u'@orange-ft.com']]
1385 [[None, u'@sncf.fr'], [None]]
1277 [[]]
249 [[u'@univ-nantes.fr'], [u'@univ-nantes.fr'], [u'@univ-nantes.fr']]
248 [[], [], []]
1436 [[None], [u'@loria.fr'], [u'@loria.fr']]
1437 [[], [], [], []]
1213 [[], [None, u'@ulb.ac.be']]
1435 [[u'@inpg.fr']]
1432 [[], [], [], []]
1433 [[u'@francetelecom.com'], [u'@francetelecom.com']]
1430 [[], []]
1431 [[], [], []]
1438 [[]]
1439 [[]]
511 [[u'@orange-ftgroup.com'], [u'@orange-ftgroup.com']]
510 [[]]
513 [[], [], [], []]
512 [[u'@liris.cnrs.fr'], [u'@loria.fr'], [u'@liris.cnrs.fr', None]]
515 [[u'@lirmm.fr', u'@gnet.tn'], [], [], [u'@gnet.tn']]
514 [[]]
517 [[u'@orange-ftgroup.com'], [u'@orange-ftgroup.com']]
516 [[], []]
458 [[], []]
459 [[u'@cit.ctu.edu.vn'], [u'@cit.ctu.edu.vn'], [u'@cit.ctu.edu.vn'], [None]]
1224 [[u'@enst.fr'], [u'@edf.fr'], [u'@enst.fr', u'@edf.fr']]
627 [[u'@yahoo.fr'], [u'@yahoo.fr'], [None]]
626 [[], [], []]
625 [[None, u'@lirmm.fr'], [None, None], [None]]
624 [[u'@unic.ac.cy']]
451 [[None], [None], [u'@webreport.fr'], [None]]
452 [[u'@univ-orleans.fr'], [u'@di.ubi.pt'], [u'@univ-orleans.fr']]
453 [[None, u'@gmail.com'], [], [u'@gmail.com']]
454 [[u'@edf.fr'], [None]]
455 [[u'@alcatel-lucent.com'], [u'@alcatel-lucent.com'], [u'@alcatel-lucent.com'], [u'@interieur.gouv.fr']]
456 [[u'@eisti.fr']]
457 [[u'@univ-nantes.fr'], [u'@univ-nantes.fr'], [u'@univ-ubs.fr'], [u'@univ-nantes.fr']]
179 [[u'@univ-orleans.fr', None]]
178 [[]]
177 [[], [], []]
175 [[], []]
174 [[], [], []]
173 [[None, u'@fst.rnu.tn'], [None], [None, u'@fst.rnu.tn']]
172 [[u'@irit.fr']]
171 [[], []]
170 [[u'@lip6.fr'], [u'@univ-paris1.fr']]
656 [[], [], [], []]
657 [[u'@upmc.fr', None], [None], [None], [None], [None], [], [], [], [], [u'@upmc.fr']]
1266 [[u'@yahoo.fr'], [u'@yahoo.fr']]
654 [[None, u'@alcatel-lucent.com'], [None], [None], []]
182 [[None], [None], [None], [None, None], [None], [None]]
183 [[u'@supelec.fr'], [u'@supelec.fr'], [u'@di.unito.it'], [u'@supelec.fr']]
180 [[], [], []]
181 [[], [], []]
187 [[], [], []]
184 [[u'@ucdconnect.ie', None], [None], [u'@ucdconnect.ie'], [None]]
185 [[], [], [], []]
886 [[u'@telecom-paristech.fr'], [u'@telecom-paristech.fr']]
652 [[], [], []]
188 [[None], [u'@gmail.com'], [None], [None]]
189 [[u'@orange.com', u'@univ-nantes.fr'], [u'@univ-nantes.fr'], [u'@orange.com']]
658 [[u'@insa-lyon.fr'], []]
653 [[], []]
1367 [[], [], [], []]
650 [[]]
651 [[u'@deri.org'], [u'@paris-sorbonne.fr']]
1286 [[u'@lirmm.fr'], [None, u'@lirmm.fr']]
1227 [[], []]
869 [[], [], [], [], []]
868 [[u'@dassault-aviation.fr']]
17 [[None, u'@irit.fr'], [None]]
19 [[], [], []]
18 [[u'@univ-lyon2.fr', u'@amisw.com'], [u'@amisw.com'], [u'@univ-lyon2.fr'], [u'@univ-lyon2.fr'], [u'@amisw.com']]
862 [[u'@insa-lyon.fr'], [u'@insa-lyon.fr']]
865 [[u'@lri.fr'], [u'@lri.fr'], [u'@lri.fr', u'@lipn.univ-paris13.fr'], [u'@lri.fr']]
1210 [[], [], []]
659 [[u'@imag.fr'], [u'@imag.fr'], [u'@imag.fr'], [u'@nii.jp']]
1226 [[u'@eric.univ-lyon2.fr'], [u'@eric.univ-lyon2.fr']]
883 [[u'@irisa.fr', u'@cit.ctu.edu.vn'], [u'@irisa.fr'], [u'@irisa.fr'], [u'@cit.ctu.edu.vn']]
882 [[]]
881 [[u'@orange-ftgroup.com']]
880 [[u'@limbio-paris13.org'], [u'@limbio-paris13.org']]
831 [[None], [None], [u'@lamsade.dauphine.fr'], [None]]
885 [[u'@gmail.com'], [u'@gmail.com'], [u'@gmail.com']]
884 [[], [u'@inria.fr'], []]
62 [[u'@gmail.com'], [u'@gmail.com']]
1748 [[], [], [], []]
1619 [[u'@esiea.fr'], [], [u'@lri.fr']]
1616 [[u'@univ-savoie.fr'], [u'@univ-savoie.fr'], [u'@univ-savoie.fr', u'@ontologos-corp.com']]
1617 [[u'@fucam.ac.be'], [], [u'@i4e2.org']]
1614 [[], []]
1615 [[u'@etu.univ-tours.fr'], [u'@math-info.univ-paris5.fr']]
809 [[u'@univ-tours.fr', u'@ceries-lab.com'], [u'@univ-tours.fr', u'@ceries-lab.com'], [u'@univ-tours.fr', u'@ceries-lab.com'], [u'@univ-tours.fr']]
1610 [[], []]
1611 [[u'@univ-rouen.fr'], [], [], []]
808 [[u'@lipn.univ-paris13.fr']]
327 [[], [None], [None], [None], [None]]
324 [[u'@lipn.univ-paris13.fr'], [u'@lipn.univ-paris13.fr']]
325 [[None], [None], [None], [None], [None]]
328 [[u'@fep.up.pt'], [None]]
329 [[None, u'@inria.fr'], [None, u'@inria.fr'], [None, u'@inria.fr'], [u'@inria.fr'], [None, u'@inria.fr']]
201 [[], [u'@gsu.edu.tr'], [None], [u'@insa-lyon.fr']]
200 [[], [], []]
203 [[u'@loria.fr'], [u'@inist.fr'], [u'@inist.fr']]
202 [[], []]
205 [[], [u'@lirmm.fr'], [None], [None], [u'@lirmm.fr']]
204 [[u'@parisdescartes.fr'], []]
207 [[u'@univ-st-etienne.fr'], [u'@univ-st-etienne.fr'], [], [u'@univ-st-etienne.fr']]
206 [[], [], [], []]
208 [[], []]
76 [[u'@gmail.com'], [u'@gmail.com'], [u'@gmail.com'], [None]]
75 [[], [], []]
74 [[u'@uha.fr'], [u'@uha.fr'], [u'@uha.fr'], [u'@uha.fr']]
73 [[], [], [u'@labri.fr']]
72 [[u'@lipn.univ-paris13.fr'], [], [u'@lipn.univ-paris13.fr']]
71 [[u'@univ-angers.fr'], [u'@univ-angers.fr'], [u'@univ-angers.fr']]
70 [[u'@agroparistech.fr', u'@lipn.univ-paris13.fr'], [u'@lipn.univ-paris13.fr'], [u'@agroparistech.fr']]
655 [[None], [u'@rithme.eu'], []]
1571 [[], [None, u'@enst-bretagne.fr'], [u'@enst-bretagne.fr']]
79 [[None], [None], [None], [None], [u'@insa-lyon.fr'], [None]]
78 [[u'@univ-brest.fr']]
1040 [[u'@univ-pau.fr'], [u'@univ-pau.fr'], [u'@iutbayonne.univ-pau.fr']]
1577 [[], []]
1048 [[u'@scg.ulaval.ca'], [u'@scg.ulaval.ca'], [None]]
1682 [[], []]
1222 [[u'@univ-tours.fr'], [], [u'@univ-tours.fr', u'@ceries-lab.com'], [u'@univ-tours.fr']]
1575 [[u'@lamsade.dauphine.fr'], [u'@ceremade.dauphine.fr']]
1687 [[], []]
1689 [[], [], []]
1760 [[None], [u'@bat710.univ-lyon1.fr'], []]
1574 [[u'@inist.fr'], [u'@loria.fr'], [u'@inist.fr']]
1269 [[u'@isima.fr'], [None]]
1268 [[], [], []]
669 [[u'@irisa.fr'], [u'@irisa.fr']]
668 [[u'@limsi.fr'], [u'@limsi.fr'], [u'@limsi.fr']]
667 [[u'@yahoo.fr'], [u'@fst.rnu.tn']]
666 [[None, u'@isima.fr'], [None, u'@isima.fr'], [None], [None]]
665 [[u'@issatm.rnu.tn'], [u'@ihec.rnu.tn']]
664 [[], [], [u'@yahoo.fr']]
662 [[], [], [], []]
1221 [[u'@inria.fr'], [], [u'@inria.fr'], []]
692 [[]]
696 [[], [], [], []]
697 [[u'@ephe.sorbonne.fr'], [u'@ephe.sorbonne.fr']]
695 [[u'@lirmm.fr'], [], [u'@lirmm.fr'], [None]]
1404 [[], []]
698 [[], [u'@univ-lyon2.fr']]
699 [[u'@univ-lyon2.fr'], [u'@univ-lyon2.fr']]
1409 [[u'@ardans.com'], [u'@ardans.com'], [], [u'@mpsa.com']]
1598 [[None], [None], [u'@inria.fr'], [None]]
542 [[u'@univ-nantes.fr'], [u'@univ-nantes.fr', u'@vm-materiaux.fr'], [u'@univ-nantes.fr'], [u'@univ-nantes.fr']]
543 [[u'@mines-ales.fr'], [u'@mines-ales.fr'], [u'@lirmm.fr'], [u'@mines-ales.fr'], [u'@mines-ales.fr'], [u'@mines-ales.fr']]
540 [[], [], []]
547 [[], [], []]
544 [[u'@lipn.univ-paris13.fr'], [u'@lipn.univ-paris13.fr']]
548 [[None], [], [None], [u'@telecom-bretagne.eu'], [None], [None], []]
549 [[u'@lipn.univ-paris13.fr'], [u'@lipn.univ-paris13.fr']]
1461 [[u'@sophia.inria.fr'], [u'@sophia.inria.fr'], [u'@ipmc.fr']]
1460 [[u'@etu.univ-tours.fr', u'@agicom.fr'], [u'@etu.univ-tours.fr']]
1403 [[None], [None], [u'@info.unicaen.fr']]
122 [[None, u'@agrocampus-ouest.fr'], [None, u'@agrocampus-ouest.fr'], [], [None]]
123 [[]]
124 [[u'@risk', u'@supagro.inra.fr'], [u'@supagro.inra.fr'], [u'@risk'], [], []]
125 [[], [], [], []]
126 [[], [], [], []]
127 [[], [], [], []]
128 [[], [], []]
129 [[u'@orange.com'], [u'@univ-orleans.fr'], [u'@orange.com'], [u'@univ-orleans.fr']]
1401 [[], []]
1400 [[], []]
1594 [[], [], []]
1747 [[None], [None]]
861 [[], [], [], []]
1388 [[u'@gmail.com'], [u'@univ-lyon2.fr']]
1389 [[u'@univ-nantes.fr'], [u'@univ-nantes.fr'], [u'@univ-nantes.fr']]
860 [[]]
1384 [[u'@esiea.fr', u'@lri.fr'], [u'@lri.fr']]
498 [[u'@mgdis.fr'], [u'@univ-ubs.fr']]
1386 [[u'@ensam.inra.fr'], [u'@risk'], [None], [u'@ensam.inra.fr'], [u'@ensam.inra.fr']]
1387 [[None], [], [None], [None, None]]
1380 [[u'@utc.fr'], [u'@univ-metz.fr']]
1381 [[None, None], [None], [None]]
1382 [[u'@uniroma1.it'], [None]]
499 [[], [], [], [], [], [], [], [], [], []]
496 [[u'@unicaen.fr']]
832 [[], []]
833 [[u'@lirmm.fr'], [u'@lirmm.fr', None], [u'@lirmm.fr']]
830 [[None], [None], [None], [u'@gmail.com'], [u'@gmail.com'], [None], [None]]
497 [[], []]
836 [[u'@math.univ-montp2.fr'], [u'@lirmm.fr'], [u'@lirmm.fr']]
837 [[u'@gmail.com'], [u'@gmail.com'], [None], [None]]
834 [[u'@lirmm.fr'], [u'@lirmm.fr'], [u'@lirmm.fr', None], [u'@lirmm.fr']]
835 [[None], [u'@univ-nc.nc'], [u'@univ-nc.nc'], [None]]
838 [[], []]
1398 [[u'@esiea.fr']]
1255 [[u'@loria.fr'], [u'@liris.cnrs.fr'], [u'@liris.cnrs.fr'], [u'@liris.cnrs.fr']]
368 [[], [], []]
369 [[u'@orange.com']]
366 [[u'@univ-tours.fr'], [u'@univ-tours.fr', u'@univ-lille2.fr'], [u'@univ-tours.fr', None], [u'@univ-tours.fr']]
367 [[None], [None], [None], [None, u'@ucam.ac.ma']]
364 [[u'@irit.fr', u'@irit.fr'], [u'@irit.fr'], [None]]
362 [[u'@orange-ftgroup.com', u'@u-cergy.fr'], [u'@orange-ftgroup.com'], [u'@u-cergy.fr']]
363 [[u'@ign.fr'], [u'@sophia.inria.fr'], [u'@ign.fr', None]]
360 [[u'@univ-ubs.fr'], [u'@univ-ubs.fr'], [u'@univ-ubs.fr'], [u'@univ-ubs.fr', None]]
382 [[], [], []]
384 [[u'@univ-reims.fr', u'@ai.univ-paris8.fr'], [u'@univ-reims.fr'], [u'@univ-reims.fr'], [u'@univ-reims.fr'], [u'@ai.univ-paris8.fr']]
385 [[u'@teledetection.fr'], [u'@lirmm.fr'], [None], [None], [u'@teledetection.fr', u'@lirmm.fr']]
386 [[None], [u'@teledetection.fr'], [None], [None]]
387 [[u'@inria.fr'], [u'@inria.fr']]
1644 [[]]
1647 [[], []]
1646 [[u'@esiea-ouest.fr'], [u'@esiea-ouest.fr']]
1641 [[u'@lip6.fr'], [u'@lip6.fr'], [u'@lip6.fr']]
1640 [[], []]
1642 [[], [], []]
1726 [[]]
1727 [[], []]
1725 [[], [], [], []]
1649 [[None], [], [], [], [], []]
1648 [[]]
1720 [[u'@univ-tours.fr'], []]
1721 [[], [], []]
1742 [[], []]
1223 [[u'@lsis.org'], [u'@lsis.org'], [u'@lsis.org']]
1743 [[u'@gamsau.map.archi.fr'], [u'@gamsau.map.archi.fr']]
60 [[u'@unicaen.fr'], [u'@univ-tours.fr'], [u'@univ-tours.fr']]
61 [[None, None], [None], [None]]
258 [[u'@telecom-paristech.fr', u'@univ-paris1.fr'], [u'@univ-paris1.fr'], [u'@univ-paris1.fr'], [u'@telecom-paristech.fr', None]]
259 [[u'@univ-paris1.fr'], [u'@wanadoo.fr']]
64 [[None]]
65 [[u'@gmail.com'], [u'@liris.cnrs.fr'], [], [u'@gmail.com'], [u'@gmail.com']]
252 [[u'@univ-tours.fr'], [u'@ecp.fr'], [u'@ecp.fr'], [u'@ecp.fr'], [u'@ecp.fr']]
69 [[u'@parisdescartes.fr'], [u'@univ-lyon2.fr']]
251 [[u'@gamil.com'], [u'@gamil.com'], [None], [None]]
256 [[], [], [], []]
257 [[u'@gmail.com'], [u'@gmail.com'], [u'@igbmc.fr'], [u'@gmail.com']]
254 [[None], [None], [None], [u'@univ-lyon2.fr'], []]
255 [[u'@engees.unistra.fr'], [u'@engees.unistra.fr'], [u'@lirmm.fr'], [u'@lirmm.fr']]
1408 [[u'@eric.univ-lyon2.fr'], [u'@ensi.rnu.tn']]
1420 [[], []]
1423 [[u'@irit.fr'], [u'@irit.fr', None], [u'@irit.fr'], [u'@irit.fr']]
1425 [[u'@gamsau.map.archi.fr'], [u'@gamsau.map.archi.fr']]
1427 [[u'@mail.cerist.dz'], [u'@mail.cerist.dz'], [u'@mail.cerist.dz']]
1426 [[], [], []]
1429 [[u'@ensieta.fr'], [u'@ensieta.fr'], [u'@ensieta.fr']]
1428 [[], [], []]
1580 [[u'@imag.fr'], [u'@imag.fr'], [u'@ujf-grenoble.fr']]
1581 [[], [], []]
1586 [[u'@etu.univ-tours.fr'], [u'@etu.univ-tours.fr'], [u'@math-info.univ-paris5.fr']]
1584 [[u'@ihec.rnu.tn'], [u'@isg.rnu.tn'], [u'@ihec.rnu.tn']]
1585 [[u'@esiea-ouest.fr', u'@ceremade.dauphine.fr'], [u'@esiea-ouest.fr', u'@ceremade.dauphine.fr']]
731 [[None], [None], [u'@loria.fr']]
730 [[], [], []]
732 [[None], [None, u'@univ-nc.nc'], [None, u'@univ-nc.nc']]
735 [[u'@riadi.rnu.tn', None], [u'@riadi.rnu.tn'], [u'@riadi.rnu.tn'], [None]]
734 [[u'@inria.fr'], [u'@lri.fr'], [u'@inria.fr', None]]
508 [[None], [None], [u'@fr.thalesgroup.com'], [u'@fr.thalesgroup.com']]
509 [[u'@supagro.inra.fr'], [u'@risk'], [u'@risk'], [u'@risk']]
506 [[]]
507 [[u'@univ-nc.nc'], [u'@univ-nc.nc'], [u'@univ-nc.nc']]
504 [[u'@univ-montp3.fr'], [u'@lirmm.fr'], [u'@lirmm.fr']]
502 [[u'@gnet.tn'], [u'@univ-rennes1.fr'], [u'@gnet.tn']]
503 [[None], [None], [None, u'@univ-nantes.fr']]
500 [[u'@a2zi.fr', u'@loria.fr'], [u'@loria.fr'], [u'@loria.fr'], [u'@a2zi.fr']]
501 [[u'@yahoo.fr'], [u'@univ-oran.dz']]
630 [[u'@lifl.fr'], [u'@lifl.fr'], [u'@lifl.fr'], [u'@lifl.fr']]
633 [[u'@insat.rnu.tn'], [], [u'@isteub.rnu.tn', u'@insat.rnu.tn']]
469 [[], [u'@ensieta.fr'], [u'@ensieta.fr'], [u'@fsr.ac.ma']]
468 [[u'@univ-lyon1.fr'], []]
636 [[u'@gmail.com'], [u'@gmail.com']]
637 [[], [u'@lipn.univ-paris13.fr']]
465 [[u'@univ-orleans.fr'], [u'@univ-orleans.fr'], [u'@univ-orleans.fr', None]]
464 [[u'@lipn.univ-paris13.fr'], [u'@lipn.univ-paris13.fr']]
467 [[None], [u'@isima.fr'], [u'@isima.fr']]
466 [[], [], [], []]
461 [[None], [None, u'@univ-tours.fr']]
460 [[u'@lifl.fr'], [u'@lifl.fr'], [u'@lifl.fr'], [u'@lifl.fr']]
463 [[u'@orange-ftgroup.com'], [], [], [u'@gmail.com']]
462 [[u'@utt.fr'], [u'@utt.fr'], []]
168 [[u'@teledetection.fr'], [u'@teledetection.fr'], [u'@teledetection.fr'], [u'@lirmm.fr']]
169 [[u'@ign.fr'], [u'@ign.fr'], [u'@cnam.fr']]
164 [[None, None], [None, None], [None, None]]
165 [[u'@gmail.com'], [], [u'@isg.rnu.tn']]
166 [[None], [None], [None]]
160 [[], []]
161 [[None], [], [u'@insa-lyon.fr'], [None]]
162 [[], [u'@univ-orleans.fr'], [u'@isg.rnu.tn']]
163 [[], [], []]
1728 [[], [], []]
1729 [[u'@eric.univ-lyon2.fr'], [u'@eric.univ-lyon2.fr'], [u'@eric.univ-lyon2.fr'], []]
1454 [[], [], [], [], []]
1455 [[], [], [], []]
1456 [[u'@inria.fr'], [u'@inria.fr'], [u'@inria.fr'], [None]]
1457 [[u'@eads.net', u'@liris.cnrs.fr'], [u'@eads.net'], [None], [u'@liris.cnrs.fr']]
1450 [[u'@insat.rnu.tn'], []]
1451 [[u'@lip6.fr'], [u'@lamsade.dauphine.fr'], [u'@lip6.fr']]
1452 [[u'@francetelecom.com'], [u'@francetelecom.com']]
1453 [[u'@cnam.fr', u'@mpsa.com'], [u'@cnam.fr'], [u'@cnam.fr'], [u'@mpsa.com']]
1458 [[u'@loria.fr'], [u'@loria.fr', u'@nancy.inserm.fr'], [None], [u'@loria.fr'], [u'@loria.fr']]
1459 [[u'@knowesia.fr', u'@univ-nantes.fr'], [u'@univ-nantes.fr'], [u'@univ-nantes.fr'], [u'@knowesia.fr']]
1722 [[u'@univ-savoie.fr'], [u'@univ-savoie.fr'], [u'@ontologos-corp.com']]
1723 [[u'@univ-tours.fr'], [u'@univ-tours.fr'], [u'@univ-tours.fr']]
1390 [[None], [None], [u'@insa-lyon.fr']]
1734 [[], []]
878 [[None], [u'@telecom-bretagne.eu'], [None], [None]]
879 [[], []]
876 [[u'@labri.fr'], [u'@toulouse.inra.fr'], [u'@toulouse.inra.fr']]
877 [[u'@orange-ftgroup.com'], [u'@orange-ftgroup.com'], [u'@orange-ftgroup.com', u'@gfi.fr']]
874 [[None], [u'@loria.fr'], [u'@loria.fr'], [None, u'@loria.fr']]
875 [[u'@unige.ch'], [], [u'@unige.ch'], [u'@unige.ch']]
873 [[u'@irisa.fr'], [u'@irisa.fr'], [None]]
870 [[u'@telecom-paristech.fr', u'@orange-ftgroup.com'], [u'@orange-ftgroup.com'], [u'@telecom-paristech.fr']]
871 [[], [], []]
1242 [[u'@univ-lyon3.fr'], [u'@web.de'], [u'@univ-lyon3.fr']]
1245 [[], [], []]
1244 [[u'@fst.rnu.tn'], [u'@fst.rnu.tn'], [u'@fst.rnu.tn'], [u'@cril.univ-artois.fr'], [u'@fst.rnu.tn']]
1247 [[None, None], [None], [None]]
1246 [[], [u'@univ-lyon2.fr'], [u'@unige.ch']]
1249 [[], [], [], [], []]
1199 [[u'@math-info.univ-paris5.fr'], [u'@math-info.univ-paris5.fr']]
1248 [[u'@insa-rouen.fr'], [None], [None, u'@insa-rouen.fr']]
1572 [[], []]
1608 [[u'@edf.fr'], [u'@enst.fr'], [u'@edf.fr']]
1601 [[], [], []]
1600 [[u'@ceremade.dauphine.fr', None], [u'@ceremade.dauphine.fr']]
1603 [[], []]
1602 [[], []]
1605 [[], [], [], []]
1607 [[], [u'@insat.rnu.tn']]
1606 [[], [], []]
357 [[None, None]]
356 [[None], [None], [None]]
355 [[u'@univ-reunion.fr'], [u'@univ-reunion.fr', u'@iae.univ-poitiers.fr']]
353 [[None, u'@agrocampus-ouest.fr'], []]
352 [[u'@litii.com']]
351 [[u'@mines-ales.fr'], [u'@mines-ales.fr'], [u'@mines-ales.fr'], [u'@lirmm.fr'], [u'@mines-ales.fr']]
350 [[], [], []]
807 [[], [], []]
358 [[u'@isima.fr'], [u'@isima.fr']]
1078 [[], []]
289 [[], [], []]
288 [[u'@gmail.com'], [u'@gmail.com']]
1444 [[u'@teximus.com']]
281 [[u'@lipn.univ-paris13.fr', None], [u'@lipn.univ-paris13.fr'], [u'@lipn.univ-paris13.fr']]
283 [[], []]
282 [[], [], []]
285 [[u'@compilatio.net']]
284 [[u'@univ-tours.fr', u'@ugb.edu.sn'], [u'@univ-tours.fr'], [u'@ugb.edu.sn'], [u'@univ-tours.fr']]
287 [[], [], []]
286 [[None], [u'@liris.fr']]
678 [[u'@gmail.com']]
679 [[], [], [], []]
674 [[], []]
675 [[None], [None], [None, u'@istia.univ-angers.fr']]
676 [[u'@unice.fr'], [u'@unice.fr'], [u'@unice.fr']]
670 [[u'@lifl.fr'], [u'@lifl.fr'], [u'@lifl.fr'], [u'@lifl.fr']]
671 [[u'@fst.rnu.tn', u'@lirmm.fr'], [u'@fst.rnu.tn'], [u'@lirmm.fr'], [u'@lirmm.fr']]
672 [[u'@unige.ch'], [u'@unige.ch'], [u'@unige.ch'], [u'@unige.ch']]
673 [[], [u'@gmail.com'], [], [u'@gmail.com']]
263 [[], [u'@univ-st-etienne.fr'], [u'@fst.rnu.tn']]
261 [[None], [None], [None], [None], [None, u'@unicaen.fr']]
260 [[u'@orange.com'], [u'@orange.com']]
267 [[u'@irisa.fr'], [u'@irisa.fr'], [u'@irisa.fr']]
266 [[u'@orange.com', u'@univ-paris1.fr'], [u'@orange.com'], [u'@univ-paris1.fr']]
265 [[u'@irit.fr'], [u'@lipn.univ-paris13.fr'], [u'@irit.fr'], [u'@irit.fr']]
264 [[u'@gmail.com'], [u'@martinique.univ-ag.fr']]
269 [[u'@univ-nc.nc'], [u'@univ-nc.nc'], [u'@univ-nc.nc', u'@unice.fr'], [u'@univ-nc.nc']]
268 [[None, u'@risk'], [u'@risk'], [None], []]
59 [[], [], [], []]
58 [[], [], [], []]
1215 [[u'@lri.fr'], [u'@esiea-ouest.fr']]
54 [[u'@compilatio.net'], [u'@compilatio.net']]
57 [[None], [None], [None], [None]]
56 [[u'@lipn.univ-paris13.fr'], [u'@lipn.univ-paris13.fr'], [u'@lipn.univ-paris13.fr']]
51 [[u'@gmail.com'], [u'@ircam.ma'], [u'@gmail.com']]
53 [[u'@univ-st-etienne.fr'], [u'@univ-st-etienne.fr']]
537 [[], [], [], []]
536 [[u'@inria.fr'], [u'@inria.fr'], [u'@unice.fr']]
535 [[u'@orange-ftgroup.com'], [u'@orange-ftgroup.com']]
63 [[u'@fst.rnu.tn'], [u'@insat.rnu.tn']]
532 [[None, u'@multiposting.fr']]
530 [[], [], [], []]
1410 [[], [u'@riadi.rnu.tn'], [None, u'@riadi.rnu.tn']]
1402 [[], [], []]
1412 [[u'@sophia.inria.fr'], [u'@sophia.inria.fr'], [None]]
1413 [[u'@ifremer.fr'], [u'@prism.uvsq.fr'], [u'@ifremer.fr'], [u'@ifremer.fr'], [u'@ifremer.fr']]
1414 [[u'@hec.ca'], [u'@hec.ca'], [u'@hec.ca']]
1415 [[u'@eric.univ-lyon2.fr'], []]
539 [[u'@gmail.com'], [u'@gmail.com'], []]
538 [[u'@gmail.com'], [u'@gmail.com'], [None], [None]]
1589 [[], [u'@iut.univ-metz.fr']]
253 [[u'@uqo.ca']]
1418 [[u'@info.univ-angers.fr'], [u'@polytech.univ-nantes.fr'], [u'@polytech.univ-nantes.fr'], [u'@info.univ-angers.fr']]
1205 [[], []]
1419 [[u'@supelec.fr', u'@loria.fr'], [u'@loria.fr']]
1256 [[], []]
1257 [[], []]
1254 [[]]
534 [[], [], [], []]
1253 [[], []]
1250 [[u'@orange-ftgroup.com'], [u'@orange-ftgroup.com']]
1251 [[]]
1397 [[u'@lirmm.fr', u'@semide.org'], [u'@lirmm.fr']]
1396 [[None, u'@wanadoo.fr'], [], [None]]
1395 [[], [], []]
1394 [[u'@enst.fr'], [u'@int-evry.fr'], [u'@enst.fr']]
1393 [[], [], []]
1392 [[u'@modulad.fr'], [u'@univ-lyon2.fr']]
1258 [[u'@math-info.univ-paris5.fr'], [u'@math-info.univ-paris5.fr']]
1259 [[u'@fsr.ac.ma', u'@ensieta.fr'], [u'@ensieta.fr'], [u'@fsr.ac.ma'], [u'@ensieta.fr']]
855 [[], []]
301 [[u'@orange.com'], [u'@orange.com']]
302 [[u'@loria.fr'], [u'@loria.fr'], [u'@ulb.ac.be'], [u'@loria.fr'], [u'@loria.fr'], [u'@loria.fr']]
303 [[u'@univ-tours.fr'], [u'@univ-tours.fr', u'@univ-lille2.fr'], [u'@univ-tours.fr']]
1588 [[], []]
1573 [[u'@yahoo.fr'], [u'@estm.ac.ma'], [u'@yahoo.fr'], [u'@yahoo.fr']]
825 [[], [], []]
1407 [[]]
824 [[u'@lirmm.fr'], [u'@lirmm.fr'], [u'@lirmm.fr']]
827 [[], [u'@univ-nc.nc'], [None]]
847 [[], [u'@lirmm.fr'], [u'@lirmm.fr']]
846 [[None], [None, u'@emse.fr']]
845 [[], [], []]
843 [[None], [None, u'@gfi.fr']]
842 [[u'@lipn.univ-paris13.fr'], [u'@lipn.univ-paris13.fr'], [u'@leec.univ-paris13.fr']]
841 [[u'@lip6.fr'], [u'@ecp.fr'], [u'@lip6.fr']]
840 [[u'@irisa.fr'], [u'@irisa.fr', u'@gmail.fr'], [], [u'@irisa.fr']]
821 [[u'@insa-strasbourg.fr'], [u'@insa-strasbourg.fr'], [u'@insa-strasbourg.fr'], [u'@insa-strasbourg.fr']]
849 [[u'@dassault-aviation.fr']]
820 [[u'@univ-nantes.fr'], [u'@univ-nantes.fr']]
1406 [[u'@nantes.inserm.fr', u'@polytech.univ-nantes.fr'], [u'@polytech.univ-nantes.fr'], [u'@nantes.inserm.fr']]
1583 [[], []]
1209 [[], [u'@labri.fr']]
822 [[], [], []]
1405 [[u'@univ-lille3.fr'], [u'@univ-lille3.fr'], [u'@univ-lille3.fr'], [u'@univ-lille3.fr']]
1208 [[None], [None], [None, u'@imag.fr']]
1582 [[], []]
1630 [[], [], []]
1631 [[None, None], [None]]
1633 [[], [], []]
1634 [[], [], [], []]
1637 [[], [u'@riadi.rnu.tn'], [None], [u'@riadi.rnu.tn']]
1638 [[], [], []]
1639 [[], [], [], []]
1733 [[], [], []]
1732 [[None], [u'@uniV-lyon2.fr'], [u'@uniV-lyon2.fr'], [None]]
1735 [[], [], []]
1737 [[None], [u'@curie.net'], [None]]
1736 [[]]
1685 [[], [], []]
1446 [[u'@etu.univ-tours.fr'], [u'@etu.univ-tours.fr']]
1595 [[], [], [], []]
1596 [[], [], []]
1590 [[None], [None], []]
1593 [[]]
1599 [[u'@supelec.fr'], [u'@supelec.fr']]
1036 [[u'@imag.fr'], [u'@imag.fr'], [u'@parisgeo.cnrs.fr'], [u'@imag.fr'], [u'@parisgeo.cnrs.fr'], [u'@imag.fr'], [u'@parisgeo.cnrs.fr']]
1028 [[None], [None], [u'@teledetection.fr'], [None], [None]]
726 [[None], [u'@isetsf.rnu.tn'], [None], [None]]
727 [[u'@yahoo.fr'], []]
724 [[u'@enssat.fr'], [], [u'@enssat.fr'], [u'@univ-rennes1.fr']]
725 [[], [], []]
722 [[u'@info.fundp.ac.be'], [u'@info.fundp.ac.be'], [u'@uclouvain.be']]
723 [[u'@lipn.univ-paris13.fr'], [u'@lipn.univ-paris13.fr'], [u'@lipn.univ-paris13.fr']]
720 [[u'@yahoo.fr'], [u'@yahoo.fr'], [u'@yahoo.fr']]
1744 [[u'@ceremade.dauphine.fr', u'@stat.uga.edu'], [None], [u'@ceremade.dauphine.fr']]
1745 [[u'@lif.univ-mrs.fr'], [u'@inist.fr'], [u'@lif.univ-mrs.fr'], [u'@lif.univ-mrs.fr'], [u'@lif.univ-mrs.fr'], [u'@lif.univ-mrs.fr', u'@inist.fr'], [u'@lif.univ-mrs.fr']]
1746 [[], [], []]
1741 [[u'@loria.fr'], [], [u'@loria.fr']]
728 [[u'@edf.fr'], [u'@orange-ftgroup.com'], [u'@orange-ftgroup.com']]
729 [[u'@insa-strasbourg.fr'], [], [u'@insa-strasbourg.fr']]
151 [[None], [None], [None], []]
150 [[], [], [], []]
153 [[], [u'@univ-paris13.fr']]
152 [[], [], []]
155 [[], [], []]
154 [[], [], []]
157 [[u'@univ-nc.nc', u'@unice.fr'], [u'@univ-nc.nc'], [u'@univ-nc.nc'], [u'@univ-nc.nc']]
156 [[u'@ign.fr'], [u'@mi.parisdescartes.fr'], [u'@ign.fr'], [u'@ign.fr']]
159 [[u'@univ-tours.fr'], [u'@unicaen.fr']]
158 [[], [], []]
1207 [[u'@bat710.univ-lyon1.fr'], [u'@bat710.univ-lyon1.fr'], [u'@bat710.univ-lyon1.fr'], [None]]
1206 [[], [], []]
1201 [[u'@risk'], [u'@risk'], [u'@risk'], [u'@univ-tlse2.fr']]
1200 [[], [], [], []]
1203 [[u'@univ-nantes.fr'], [u'@univ-nantes.fr'], [u'@univ-nantes.fr']]
1202 [[u'@univ-lyon1.fr'], [u'@univ-lyon1.fr'], [u'@iarc.fr']]
1204 [[u'@orange-ft.com'], [u'@orange-ft.com'], [u'@orange-ft.com']]
1211 [[None], [None], [None, u'@iut-tlse3.fr'], [None], []]
634 [[u'@upmc.fr'], [u'@upmc.fr']]
635 [[u'@univ-orleans.fr'], [u'@univ-orleans.fr']]
1366 [[u'@lifl.fr']]
1214 [[], []]
46 [[u'@tudor.lu', u'@lri.fr'], [u'@tudor.lu'], [u'@lri.fr']]
47 [[], [], []]
44 [[], [], [], [], [], []]
45 [[u'@univ-mlv.fr', None], [u'@univ-mlv.fr']]
42 [[], [], []]
40 [[u'@gmail.com'], [u'@gmail.com'], [u'@gmail.com', u'@univ-oran.dz']]
41 [[u'@univ-nc.nc'], [u'@univ-nc.nc'], [u'@univ-nc.nc'], [u'@univ-nc.nc'], [u'@insa-lyon.fr']]
1447 [[u'@cril.univ-artois.fr'], [u'@cril.univ-artois.fr'], [u'@cril.univ-artois.fr']]
638 [[], [u'@univ-lr.fr'], [u'@univ-lr.fr'], [u'@univ-lr.fr']]
1445 [[u'@club-internet.fr'], [u'@club-internet.fr'], [u'@univ-lyon2.fr'], [u'@club-internet.fr']]
1365 [[u'@sdm.cic.fr', u'@insa-lyon.fr'], [u'@insa-lyon.fr']]
1442 [[u'@math-info.univ-paris5.fr', u'@cstb.fr'], [u'@math-info.univ-paris5.fr'], [], [u'@math-info.univ-paris5.fr']]
1441 [[u'@cit.ctu.edu.vn'], [u'@esiea-ouest.fr']]
639 [[], [], []]
1362 [[None, u'@lip6.fr']]
1290 [[u'@lri.fr'], [u'@supelec.fr'], [u'@lri.fr']]
1218 [[u'@limbio-paris13.org', u'@htp.aphp.fr'], [u'@limbio-paris13.org'], [u'@htp.aphp.fr'], [], [u'@limbio-paris13.org', u'@htp.aphp.fr']]
1449 [[], [], [], [], []]
1363 [[], []]
1219 [[], [], [], []]
1360 [[u'@fr.thalesgroup.com', u'@univ-avignon.fr'], [u'@univ-avignon.fr'], [u'@univ-avignon.fr'], [u'@fr.thalesgroup.com']]
1361 [[u'@esiea-ouest.fr'], []]
489 [[None, u'@lirmm.fr'], [None, None]]
488 [[None], [u'@orange-ftgroup.com'], []]
487 [[u'@yahoo.fr'], [u'@yahoo.fr'], [u'@yahoo.fr'], [None]]
486 [[u'@orange-ftgroup.com']]
485 [[u'@univ-lyon2.fr'], [u'@univ-lyon2.fr'], [None]]
484 [[], [], []]
481 [[], [], []]
480 [[u'@lri.fr'], [u'@supagro.inra.fr'], [None], [u'@lri.fr']]
473 [[], []]
471 [[u'@irisa.fr'], [u'@isima.fr']]
477 [[], [u'@inria.fr'], []]
474 [[u'@yahoo.fr'], [u'@yahoo.fr'], [u'@inrets.fr'], [u'@yahoo.fr']]
475 [[None], [None], [None], [u'@gmail.com']]
478 [[u'@mines-ales.fr'], [u'@mines-ales.fr']]
479 [[u'@edf.fr'], [None]]
1368 [[u'@univ-lyon1.fr'], [u'@univ-lyon1.fr'], [u'@univ-lyon1.fr'], [None]]
1369 [[u'@lsis.org'], [u'@lsis.org'], []]
